Year|Month|Day|rainfall_mm|min_temp_C|max_temp_C|daily_avg|daily_range|uv_MJ_m*m|Season
1944|7|1|0.0|11.2|21.1|16.15|9.9||4
1944|8|1|0.0|10.4|17.5|13.95|7.1||4
1944|9|1|1.8|7.7|19.5|13.6|11.8||1
1944|10|1|0.0|5.2|19.9|12.55|14.7||1
1944|11|1|0.0|13.7|25.0|19.35|11.3||1
1944|12|1|0.0|17.2|37.7|27.45|20.5||2
1945|1|1|0.0|18.6|38.2|28.4|19.6||2
1945|2|1|0.0|17.2|37.8|27.5|20.6||2
1945|3|1|1.0|14.9|25.6|20.25|10.7||3
1945|5|1|2.0|11.2|22.7|16.95|11.5||3
1945|6|1|0.0|8.9|21.9|15.4|13.0||4
1945|7|1|10.9|12.8|18.2|15.5|5.4||4
1945|8|1|0.0|6.7|12.1|9.4|5.4||4
1945|9|1|9.1|11.1|16.1|13.6|5.0||1
1945|10|1|0.0|6.6|24.8|15.7|18.2||1
1945|11|1|0.3|11.8|21.0|16.4|9.2||1
1945|12|1|0.0|13.9|25.4|19.65|11.5||2
1946|1|1|0.0|17.2|34.7|25.95|17.5||2
1946|2|1|0.0|11.2|28.2|19.7|17.0||2
1946|3|1|0.0|14.6|38.8|26.7|24.2||3
1946|4|1|0.0|16.1|27.7|21.9|11.6||3
1946|5|1|5.3|12.7|19.4|16.05|6.7||3
1946|6|1|0.0|5.9|22.2|14.05|16.3||4
1946|7|1|0.0|10.5|18.3|14.4|7.8||4
1946|8|1|0.0|10.1|17.3|13.7|7.2||4
1946|9|1|0.0|4.9|18.4|11.65|13.5||1
1946|10|1|0.0|12.6|23.3|17.95|10.7||1
1946|11|1|0.0|12.6|24.4|18.5|11.8||1
1946|12|1|0.0|11.1|25.7|18.4|14.6||2
1947|1|1|0.0|14.2|30.1|22.15|15.9||2
1947|2|1|0.0|18.0|32.9|25.45|14.9||2
1947|3|1|0.0|14.1|29.9|22.0|15.8||3
1947|4|1|0.0|14.6|30.6|22.6|16.0||3
1947|5|1|0.0|9.9|27.2|18.55|17.3||3
1947|6|1|0.5|7.9|16.6|12.25|8.7||4
1947|7|1|3.6|5.9|16.7|11.3|10.8||4
1947|8|1|0.0|4.5|18.5|11.5|14.0||4
1947|9|1|6.9|8.4|18.2|13.3|9.8||1
1947|10|1|4.8|7.7|15.1|11.4|7.4||1
1947|11|1|0.0|9.1|20.2|14.65|11.1||1
1947|12|1|0.0|12.8|25.6|19.2|12.8||2
1948|1|1|0.0|14.1|30.5|22.3|16.4||2
1948|2|1|0.0|17.6|31.5|24.55|13.9||2
1948|3|1|0.0|8.6|29.5|19.05|20.9||3
1948|4|1|0.0|13.4|24.9|19.15|11.5||3
1948|5|1|1.0|13.8|21.3|17.55|7.5||3
1948|6|1|0.0|6.8|23.2|15.0|16.4||4
1948|7|1|4.6|1.4|15.6|8.5|14.2||4
1948|8|1|3.8|10.1|18.6|14.35|8.5||4
1948|9|1|0.0|4.4|22.2|13.3|17.8||1
1948|10|1|0.0|8.9|18.1|13.5|9.2||1
1948|11|1|0.0|11.6|30.6|21.1|19.0||1
1948|12|1|3.8|14.4|20.3|17.35|5.9||2
1949|1|1|0.0|13.7|28.9|21.3|15.2||2
1949|2|1|0.0|15.6|34.2|24.9|18.6||2
1949|3|1|0.0|12.8|24.6|18.7|11.8||3
1949|4|1|0.0|16.6|35.7|26.15|19.1||3
1949|5|1|0.3|11.6|20.0|15.8|8.4||3
1949|6|1|0.0|9.9|24.3|17.1|14.4||4
1949|7|1|0.0|11.7|22.6|17.15|10.9||4
1949|8|1|0.8|7.1|18.9|13.0|11.8||4
1949|9|1|16.5|11.1|18.8|14.95|7.7||1
1949|10|1|5.6|8.1|20.8|14.45|12.7||1
1949|11|1|0.0|10.7|26.8|18.75|16.1||1
1949|12|1|0.0|15.2|36.3|25.75|21.1||2
1950|2|1|0.0|16.7|33.6|25.15|16.9||2
1950|4|1|0.0|18.5|29.7|24.1|11.2||3
1950|5|1|0.0|12.6|26.8|19.7|14.2||3
1950|6|1|0.0|8.5|18.2|13.35|9.7||4
1950|7|1|0.0|0.1|13.3|6.7|13.2||4
1950|8|1|0.0|5.1||2.55|-5.1||4
1950|9|1|0.8|10.0|19.2|14.6|9.2||1
1950|10|1|0.0|6.3|20.0|13.15|13.7||1
1950|11|1|2.3|9.9|21.4|15.65|11.5||1
1950|12|1|0.0|12.2|34.5|23.35|22.3||2
1951|1|1|0.0|12.9|23.6|18.25|10.7||2
1951|2|1|0.0|13.1|31.6|22.35|18.5||2
1951|3|1|0.0|13.8|29.9|21.85|16.1||3
1951|4|1|0.0|12.4|27.1|19.75|14.7||3
1951|5|1|0.0|12.9|24.1|18.5|11.2||3
1951|6|1|1.8|11.7|19.4|15.55|7.7||4
1951|7|1|6.1|11.0|18.3|14.65|7.3||4
1951|8|1|12.2|6.1|15.8|10.95|9.7||4
1951|9|1|0.0|7.3|16.4|11.85|9.1||1
1951|10|1|5.1|8.3|18.8|13.55|10.5||1
1951|11|1|4.6|14.8|19.9|17.35|5.1||1
1951|12|1|9.1|12.3|20.3|16.3|8.0||2
1952|1|1|0.0|18.1|37.1|27.6|19.0||2
1952|2|1|0.0|15.7|31.6|23.65|15.9||2
1952|3|1|0.0|18.4|33.3|25.85|14.9||3
1952|4|1|0.0|12.8|25.4|19.1|12.6||3
1952|5|1|17.8|12.9|22.0|17.45|9.1||3
1952|6|1|1.5|13.3|20.2|16.75|6.9||4
1952|7|1|0.0|10.5|15.4|12.95|4.9||4
1952|8|1|3.0|8.1|18.5|13.3|10.4||4
1952|9|1|23.1|9.9|15.7|12.8|5.8||1
1952|10|1|0.0|6.9|19.1|13.0|12.2||1
1952|11|1|3.0|6.9|18.2|12.55|11.3||1
1952|12|1|1.0|10.7|18.5|14.6|7.8||2
1953|1|1|0.0|12.8|32.6|22.7|19.8||2
1953|2|1|0.0|15.0|21.5|18.25|6.5||2
1953|3|1|0.0|15.7|26.9|21.3|11.2||3
1953|4|1|0.0|5.5|22.6|14.05|17.1||3
1953|5|1|0.0|8.9|25.5|17.2|16.6||3
1953|6|1|0.0|9.8|19.6|14.7|9.8||4
1953|7|1|0.0|4.2|20.7|12.45|16.5||4
1953|8|1|0.0|7.0|17.2|12.1|10.2||4
1953|9|1|3.8|11.3|18.7|15.0|7.4||1
1953|10|1|0.3|7.6|23.1|15.35|15.5||1
1953|11|1|0.0|11.9|21.0|16.45|9.1||1
1953|12|1|0.0|18.3|34.7|26.5|16.4||2
1954|1|1|0.0|15.7|37.0|26.35|21.3||2
1954|2|1|0.0|16.6|31.2|23.9|14.6||2
1954|3|1|0.0|15.6|29.3|22.45|13.7||3
1954|4|1|0.0|5.3|22.0|13.65|16.7||3
1954|5|1|1.3|7.9|19.4|13.65|11.5||3
1954|6|1|0.5|4.0|20.0|12.0|16.0||4
1954|7|1|0.0|4.4|18.7|11.55|14.3||4
1954|8|1|0.0|5.6|16.8|11.2|11.2||4
1954|9|1|3.3|6.4|16.3|11.35|9.9||1
1954|10|1|0.0|9.4|26.6|18.0|17.2||1
1954|11|1|0.0|7.5|21.6|14.55|14.1||1
1954|12|1|0.8|12.1|21.3|16.7|9.2||2
1955|1|1|0.0|12.3|22.6|17.45|10.3||2
1955|3|1|0.0|19.9|29.4|24.65|9.5||3
1955|4|1|0.0|12.4|25.3|18.85|12.9||3
1955|5|1|0.0|9.7|18.9|14.3|9.2||3
1955|6|1|12.2|8.1|19.3|13.7|11.2||4
1955|7|1|0.5|10.9|17.4|14.15|6.5||4
1955|8|1|29.5|8.7|16.7|12.7|8.0||4
1955|9|1|0.8|10.7|17.4|14.05|6.7||1
1955|10|1|5.8|9.4|18.6|14.0|9.2||1
1955|11|1|0.0|13.2|30.3|21.75|17.1||1
1955|12|1|0.0|9.4|23.5|16.45|14.1||2
1956|3|1|1.8|18.2|30.5|24.35|12.3||3
1956|4|1|0.0|9.4|25.6|17.5|16.2||3
1956|5|1|0.0|9.8|21.8|15.8|12.0||3
1956|6|1|0.0|3.3|17.3|10.3|14.0||4
1956|7|1|16.3|12.1|17.8|14.95|5.7||4
1956|8|1|11.4|7.2|15.7|11.45|8.5||4
1956|9|1|0.8|-0.2|16.1|7.95|16.3||1
1956|10|1|0.0|11.5|21.3|16.4|9.8||1
1956|11|1|2.3|9.4|21.3|15.35|11.9||1
1956|12|1|0.5|16.2|25.0|20.6|8.8||2
1957|1|1|0.0|12.3|23.9|18.1|11.6||2
1957|2|1|0.0|16.8|34.8|25.8|18.0||2
1957|3|1|0.0|14.1|27.3|20.7|13.2||3
1957|4|1|0.0|14.5|30.9|22.7|16.4||3
1957|5|1|0.0|9.3|24.8|17.05|15.5||3
1957|6|1|0.0|13.3|18.1|15.7|4.8||4
1957|7|1|0.3|9.7|19.3|14.5|9.6||4
1957|8|1|5.6|8.0|15.8|11.9|7.8||4
1957|9|1|1.8|8.4|18.3|13.35|9.9||1
1957|10|1|0.0|13.9|27.3|20.6|13.4||1
1957|11|1|0.0|7.9|21.6|14.75|13.7||1
1957|12|1|0.0|11.2|25.3|18.25|14.1||2
1958|1|1|0.0|14.0|36.6|25.3|22.6||2
1958|2|1|0.0|17.4|27.7|22.55|10.3||2
1958|3|1|0.0|19.7|34.6|27.15|14.9||3
1958|4|1|0.0|10.0|25.6|17.8|15.6||3
1958|5|1|0.0|9.9|21.8|15.85|11.9||3
1958|6|1|0.0|11.5|21.5|16.5|10.0||4
1958|7|1|28.4|11.6|17.9|14.75|6.3||4
1958|8|1|0.0|5.6|18.2|11.9|12.6||4
1958|9|1|10.4|7.3|16.4|11.85|9.1||1
1958|10|1|16.3|9.3|20.1|14.7|10.8||1
1958|11|1|0.0|12.7|30.1|21.4|17.4||1
1958|12|1|0.0|19.8|35.3|27.55|15.5||2
1959|2|1|0.0|15.4|27.3|21.35|11.9||2
1959|3|1|2.5|17.3|33.7|25.5|16.4||3
1959|4|1|0.0|13.7|22.3|18.0|8.6||3
1959|5|1|0.0|7.3|26.3|16.8|19.0||3
1959|6|1|31.8|11.9|15.5|13.7|3.6||4
1959|7|1|0.0|5.5|20.8|13.15|15.3||4
1959|8|1|0.8|8.3|19.8|14.05|11.5||4
1959|9|1|0.0|12.2|27.1|19.65|14.9||1
1959|10|1|0.0|8.7|20.7|14.7|12.0||1
1959|11|1|0.0|15.9|23.4|19.65|7.5||1
1959|12|1|0.0|17.2|34.6|25.9|17.4||2
1960|1|1|16.8|13.4|25.1|19.25|11.7||2
1960|2|1|0.0|18.7|33.3|26.0|14.6||2
1960|3|1|0.0|10.8|21.2|16.0|10.4||3
1960|4|1|0.0|14.2|28.3|21.25|14.1||3
1960|5|1|0.0|4.6|21.1|12.85|16.5||3
1960|6|1|0.0|7.9|21.6|14.75|13.7||4
1960|7|1|0.3|3.9|18.0|10.95|14.1||4
1960|8|1|0.3|0.7|14.7|7.7|14.0||4
1960|9|1|4.3|9.4|19.3|14.35|9.9||1
1960|10|1|0.0|7.9|20.7|14.3|12.8||1
1960|11|1|0.0|6.3|25.0|15.65|18.7||1
1960|12|1|0.0|14.2|25.8|20.0|11.6||2
1961|1|1|0.0|16.8|34.7|25.75|17.9||2
1961|2|1|0.0|19.2|39.6|29.4|20.4||2
1961|4|1|7.6|12.8|23.1|17.95|10.3||3
1961|5|1|0.0|8.1|23.9|16.0|15.8||3
1961|6|1|22.4|10.9|20.4|15.65|9.5||4
1961|7|1|23.4|9.1|16.5|12.8|7.4||4
1961|8|1|0.0|6.2|20.5|13.35|14.3||4
1961|9|1|2.3|8.2|19.4|13.8|11.2||1
1961|10|1|0.0|5.9|20.9|13.4|15.0||1
1961|11|1|0.0|8.9|22.3|15.6|13.4||1
1961|12|1|0.0|14.1|28.0|21.05|13.9||2
1962|3|1|0.0|12.3|27.0|19.65|14.7||3
1962|4|1|0.0|14.2|29.6|21.9|15.4||3
1962|5|1|0.0|14.3|29.4|21.85|15.1||3
1962|6|1|7.9|11.2|18.3|14.75|7.1||4
1962|7|1|0.0|5.7|17.3|11.5|11.6||4
1962|8|1|0.5|4.3|19.3|11.8|15.0||4
1962|9|1|0.0|9.1|21.0|15.05|11.9||1
1962|10|1|12.4|12.6|19.3|15.95|6.7||1
1962|11|1|0.0|7.4|23.3|15.35|15.9||1
1962|12|1|0.0|12.8|21.3|17.05|8.5||2
1963|1|1|1.0|14.2|26.1|20.15|11.9||2
1963|2|1|0.0|16.2|31.6|23.9|15.4||2
1963|3|1|0.0|19.7|37.2|28.45|17.5||3
1963|4|1|0.0|13.7|28.4|21.05|14.7||3
1963|5|1|0.8|15.6|21.3|18.45|5.7||3
1963|6|1|11.2|12.2|18.2|15.2|6.0||4
1963|7|1|2.0|9.4|17.6|13.5|8.2||4
1963|8|1|0.0|5.4|19.1|12.25|13.7||4
1963|9|1|1.3|11.7|20.6|16.15|8.9||1
1963|10|1|0.0|13.8|27.4|20.6|13.6||1
1963|11|1|0.0|12.1|21.2|16.65|9.1||1
1964|1|1|0.0|19.6|32.9|26.25|13.3||2
1964|2|1|0.0|14.6|31.1|22.85|16.5||2
1964|3|1|0.0|16.3|31.9|24.1|15.6||3
1964|4|1|17.5|18.3|22.2|20.25|3.9||3
1964|5|1|5.3|10.6|19.5|15.05|8.9||3
1964|6|1|0.0|1.2|18.2|9.7|17.0||4
1964|7|1|5.3|7.7|15.9|11.8|8.2||4
1964|8|1|0.0|10.6|24.5|17.55|13.9||4
1964|9|1|0.0|10.5|18.1|14.3|7.6||1
1964|10|1|3.6|9.2|16.1|12.65|6.9||1
1964|11|1|0.0|7.8|21.9|14.85|14.1||1
1964|12|1|0.0|9.1|23.3|16.2|14.2||2
1965|2|1|0.0|18.4|25.6|22.0|7.2||2
1965|3|1|0.0|17.9|26.2|22.05|8.3||3
1965|4|1|0.0|15.6|32.8|24.2|17.2||3
1965|5|1|16.0|16.6|18.3|17.45|1.7||3
1965|6|1|38.1|14.1|17.7|15.9|3.6||4
1965|7|1|43.2|9.3|15.7|12.5|6.4||4
1965|8|1|3.8|6.3|16.1|11.2|9.8||4
1965|9|1|0.0|7.4|17.3|12.35|9.9||1
1965|10|1|0.0|10.9|30.0|20.45|19.1||1
1965|11|1|12.2|12.9|19.6|16.25|6.7||1
1965|12|1|3.8|12.7|22.9|17.8|10.2||2
1966|3|1|0.0|14.8|39.8|27.3|25.0||3
1966|4|1|1.3|16.7|23.3|20.0|6.6||3
1966|5|1|1.5|15.6|23.1|19.35|7.5||3
1966|6|1|0.5|10.3|18.9|14.6|8.6||4
1966|7|1|0.3|7.2|16.1|11.65|8.9||4
1966|8|1|0.5|3.8|16.6|10.2|12.8||4
1966|9|1|0.0|5.0|16.7|10.85|11.7||1
1966|10|1|0.0|8.2|20.0|14.1|11.8||1
1966|11|1|0.0|11.7|25.1|18.4|13.4||1
1966|12|1|0.0|12.4|27.3|19.85|14.9||2
1967|1|1|0.0|14.9|34.7|24.8|19.8||2
1967|4|1|0.0|15.4|29.1|22.25|13.7||3
1967|5|1|0.0|12.9|25.6|19.25|12.7||3
1967|6|1|0.0|13.4|22.8|18.1|9.4||4
1967|7|1|0.0|7.9|18.8|13.35|10.9||4
1967|8|1|0.5|7.1|17.7|12.4|10.6||4
1967|9|1|0.0|8.9|20.3|14.6|11.4||1
1967|10|1|0.0|14.4|24.5|19.45|10.1||1
1967|11|1|0.0|12.4|23.3|17.85|10.9||1
1967|12|1|0.0|14.0|31.6|22.8|17.6||2
1968|1|1|0.0|16.6|26.0|21.3|9.4||2
1968|2|1|0.0|15.0|28.3|21.65|13.3||2
1968|3|1|0.0|16.4|28.3|22.35|11.9||3
1968|4|1|0.0|11.2|20.6|15.9|9.4||3
1968|5|1|6.4|7.8|14.4|11.1|6.6||3
1968|6|1|4.3|6.6|17.7|12.15|11.1||4
1968|7|1|10.4|7.3|17.2|12.25|9.9||4
1968|8|1|1.3|9.1|17.3|13.2|8.2||4
1968|9|1|4.8|8.3|15.8|12.05|7.5||1
1968|10|1|0.0|5.1|19.4|12.25|14.3||1
1968|11|1|0.0|3.6|20.4|12.0|16.8||1
1968|12|1|0.0|18.1|28.4|23.25|10.3||2
1969|2|1|0.0|18.3|39.4|28.85|21.1||2
1969|3|1|0.0|12.2|30.7|21.45|18.5||3
1969|5|1|0.0|12.8|22.4|17.6|9.6||3
1969|6|1|0.0|7.2|19.4|13.3|12.2||4
1969|7|1|0.0|8.5|20.2|14.35|11.7||4
1969|8|1|4.8|12.4|20.4|16.4|8.0||4
1969|9|1|9.1|8.8|15.2|12.0|6.4||1
1969|10|1|0.0|7.8|20.6|14.2|12.8||1
1969|11|1|0.0|11.0|22.2|16.6|11.2||1
1969|12|1|0.0|13.1|25.6|19.35|12.5||2
1970|3|1|0.3|17.2|27.1|22.15|9.9||3
1970|4|1|0.0|14.1|24.7|19.4|10.6||3
1970|5|1|3.0|8.8|17.6|13.2|8.8||3
1970|6|1|24.6|11.7|18.9|15.3|7.2||4
1970|7|1|1.8|9.4|17.8|13.6|8.4||4
1970|8|1|9.4|7.0|15.0|11.0|8.0||4
1970|9|1|0.0|7.9|20.1|14.0|12.2||1
1970|10|1|0.0|10.2|19.3|14.75|9.1||1
1970|11|1|0.0|12.9|27.6|20.25|14.7||1
1970|12|1|0.0|15.4|32.9|24.15|17.5||2
1971|1|1|1.3|19.0|23.9|21.45|4.9||2
1971|3|1|0.0|17.4|33.2|25.3|15.8||3
1971|4|1|0.0|16.8|29.7|23.25|12.9||3
1971|5|1|0.0|6.8|18.6|12.7|11.8||3
1971|6|1|0.0|4.6|17.2|10.9|12.6||4
1971|7|1|0.5|8.6|18.9|13.75|10.3||4
1971|8|1|3.3|9.8|18.9|14.35|9.1||4
1971|9|1|0.0|8.7|18.8|13.75|10.1||1
1971|10|1|2.3|14.8|19.3|17.05|4.5||1
1971|11|1|0.0|8.7|21.0|14.85|12.3||1
1971|12|1|0.0|9.4|26.1|17.75|16.7||2
1972|1|1|0.0|17.4|38.8|28.1|21.4||2
1972|2|1|0.0|17.4|31.8|24.6|14.4||2
1972|3|1|0.0|18.9|28.9|23.9|10.0||3
1972|4|1|0.0|10.8|37.2|24.0|26.4||3
1972|5|1|0.0|7.3|25.6|16.45|18.3||3
1972|6|1|15.7|5.6|19.0|12.3|13.4||4
1972|7|1|0.3|6.2|17.9|12.05|11.7||4
1972|8|1|0.0|4.7|16.0|10.35|11.3||4
1972|9|1|0.5|10.4|19.8|15.1|9.4||1
1972|10|1|4.1|10.4|18.6|14.5|8.2||1
1972|11|1|0.0|15.0|23.3|19.15|8.3||1
1972|12|1|0.0|16.1|29.0|22.55|12.9||2
1973|1|1|0.0|15.0|27.8|21.4|12.8||2
1973|2|1|0.0|13.3|31.2|22.25|17.9||2
1973|3|1|0.0|13.8|28.7|21.25|14.9||3
1973|4|1|0.0|10.3|23.6|16.95|13.3||3
1973|5|1|0.0|13.1|26.7|19.9|13.6||3
1973|6|1|4.3|7.5|16.8|12.15|9.3||4
1973|7|1|0.8|11.2|18.3|14.75|7.1||4
1973|8|1|0.0|10.6|18.2|14.4|7.6||4
1973|9|1|5.8|8.7|18.1|13.4|9.4||1
1973|10|1|0.0|5.4|21.9|13.65|16.5||1
1973|11|1|1.5|11.7|19.5|15.6|7.8||1
1973|12|1|0.0|6.3|21.3|13.8|15.0||2
1974|1|1|0.0|17.5|38.7|28.1|21.2||2
1974|2|1|0.0|16.3|34.7|25.5|18.4||2
1974|3|1|0.0|16.6|26.8|21.7|10.2||3
1974|4|1|0.0|14.9|27.6|21.25|12.7||3
1974|5|1|0.0|11.1|23.5|17.3|12.4||3
1974|6|1|17.2|15.0|20.4|17.7|5.4||4
1974|7|1|0.6|9.6|16.8|13.2|7.2||4
1974|8|1|26.0|11.0|16.7|13.85|5.7||4
1974|9|1|0.6|13.0|18.6|15.8|5.6||1
1974|10|1|0.0|9.0|23.8|16.4|14.8||1
1974|11|1|0.0|7.1|28.4|17.75|21.3||1
1974|12|1|0.0|16.3|25.7|21.0|9.4||2
1975|1|1|0.0|14.6|25.8|20.2|11.2||2
1975|3|1|0.0|14.6|27.6|21.1|13.0||3
1975|4|1|2.6|14.2|18.0|16.1|3.8||3
1975|5|1|0.0|12.2|25.2|18.7|13.0||3
1975|6|1|28.0|12.8|19.7|16.25|6.9||4
1975|7|1|0.4|7.6|20.1|13.85|12.5||4
1975|8|1|0.0|1.7|15.5|8.6|13.8||4
1975|9|1|0.0|8.3|17.7|13.0|9.4||1
1975|10|1|0.0|10.0|23.3|16.65|13.3||1
1975|11|1|0.0|14.3|22.4|18.35|8.1||1
1975|12|1|0.0|14.0|24.0|19.0|10.0||2
1976|2|1|0.0|17.0|35.5|26.25|18.5||2
1976|3|1|0.0|16.4|28.9|22.65|12.5||3
1976|4|1|0.2|10.8|23.8|17.3|13.0||3
1976|5|1|0.2|15.5|23.3|19.4|7.8||3
1976|6|1|1.2|1.5|15.8|8.65|14.3||4
1976|7|1|9.0|11.0|20.0|15.5|9.0||4
1976|8|1|0.0|7.5|18.0|12.75|10.5||4
1976|10|1|0.0|7.0|21.1|14.05|14.1||1
1976|11|1|0.0|5.2|22.2|13.7|17.0||1
1976|12|1|0.0|9.3|25.1|17.2|15.8||2
1977|1|1|0.0|12.5|35.3|23.9|22.8||2
1977|2|1|0.0|19.2|37.8|28.5|18.6||2
1977|4|1|0.0|11.4|27.5|19.45|16.1||3
1977|5|1|1.8|16.2|20.2|18.2|4.0||3
1977|6|1|0.0|10.5|24.2|17.35|13.7||4
1977|7|1|0.2|10.5|18.7|14.6|8.2||4
1977|8|1|5.2|13.0|19.6|16.3|6.6||4
1977|9|1|0.0|7.9|17.8|12.85|9.9||1
1977|10|1|14.4|9.1|19.4|14.25|10.3||1
1977|11|1|0.0|7.9|21.3|14.6|13.4||1
1977|12|1|0.0|10.1|23.6|16.85|13.5||2
1978|1|1|0.0|16.7|26.4|21.55|9.7||2
1978|4|1|0.0|17.0|33.7|25.35|16.7||3
1978|5|1|0.6|13.6|24.5|19.05|10.9||3
1978|6|1|0.0|13.2|21.6|17.4|8.4||4
1978|7|1|0.0|3.7|17.1|10.4|13.4||4
1978|8|1|0.0|6.9|17.3|12.1|10.4||4
1978|9|1|0.0|10.7|20.9|15.8|10.2||1
1978|10|1|34.8|13.0|17.0|15.0|4.0||1
1978|11|1|0.0|18.2|33.7|25.95|15.5||1
1978|12|1|0.0|9.2|23.8|16.5|14.6||2
1979|1|1|0.0|16.3|33.3|24.8|17.0||2
1979|2|1|0.0|19.5|26.6|23.05|7.1||2
1979|3|1|0.0|16.8|33.1|24.95|16.3||3
1979|4|1|0.0|11.5|24.4|17.95|12.9||3
1979|5|1|0.8|10.0|19.5|14.75|9.5||3
1979|6|1|0.0|10.0|20.9|15.45|10.9||4
1979|7|1|0.0|3.8|16.2|10.0|12.4||4
1979|8|1|0.0|5.5|16.4|10.95|10.9||4
1979|9|1|0.0|7.1|19.0|13.05|11.9||1
1979|10|1|0.0|8.4|20.6|14.5|12.2||1
1979|11|1|0.0|14.0|29.0|21.5|15.0||1
1980|2|1|0.0|16.6|32.9|24.75|16.3||2
1980|3|1|0.0|17.5|31.7|24.6|14.2||3
1980|4|1|0.0|13.4|26.0|19.7|12.6||3
1980|5|1|0.0|9.8|29.6|19.7|19.8||3
1980|6|1|2.2|13.8|21.3|17.55|7.5||4
1980|7|1|1.0|9.2|16.4|12.8|7.2||4
1980|8|1|7.2|8.9|17.5|13.2|8.6||4
1980|9|1|1.4|8.7|19.2|13.95|10.5||1
1980|10|1|0.0|15.3|18.6|16.95|3.3||1
1980|11|1|0.2|14.7|31.9|23.3|17.2||1
1980|12|1|0.0|9.6|23.1|16.35|13.5||2
1981|1|1|0.0|14.5|29.7|22.1|15.2||2
1981|2|1|0.0|19.4|34.4|26.9|15.0||2
1981|3|1|0.0|13.8|29.4|21.6|15.6||3
1981|4|1|0.0|9.6|24.6|17.1|15.0||3
1981|5|1|0.2|11.6|22.6|17.1|11.0||3
1981|6|1|0.0|8.4|19.7|14.05|11.3||4
1981|8|1|23.6|12.0|16.0|14.0|4.0||4
1981|9|1|0.0|8.5|24.5|16.5|16.0||1
1981|10|1|14.0|12.8|17.0|14.9|4.2||1
1981|11|1|2.2|16.6|21.2|18.9|4.6||1
1981|12|1|6.4|14.6|22.6|18.6|8.0||2
1982|1|1|0.0|12.6|28.7|20.65|16.1||2
1982|2|1|0.0|18.3|40.6|29.45|22.3||2
1982|3|1|0.0|17.1|32.8|24.95|15.7||3
1982|4|1|0.0|9.0|25.6|17.3|16.6||3
1982|5|1|13.6|15.5|20.7|18.1|5.2||3
1982|6|1|0.0|8.6|22.3|15.45|13.7||4
1982|7|1|6.6|7.2|14.7|10.95|7.5||4
1982|8|1|0.0|10.2|20.1|15.15|9.9||4
1982|9|1|3.0|7.5|18.2|12.85|10.7||1
1982|10|1|0.0|12.9|24.6|18.75|11.7||1
1982|11|1|0.0|16.5|23.1|19.8|6.6||1
1982|12|1|0.0|14.4|28.8|21.6|14.4||2
1983|1|1|0.0|12.2|30.5|21.35|18.3||2
1983|2|1|0.0|10.7|25.8|18.25|15.1||2
1983|4|1|3.4|18.6|25.8|22.2|7.2||3
1983|6|1|1.2|15.8|21.4|18.6|5.6||4
1983|7|1|4.6|11.7|19.3|15.5|7.6||4
1983|8|1|0.8|11.3|18.4|14.85|7.1||4
1983|9|1|18.6|14.2|17.8|16.0|3.6||1
1983|10|1|0.0|10.3|22.7|16.5|12.4||1
1983|11|1|0.0|10.1|31.9|21.0|21.8||1
1983|12|1|0.0|14.7|22.7|18.7|8.0||2
1984|1|1|0.0|17.7|25.9|21.8|8.2||2
1984|4|1|0.0|12.4|29.7|21.05|17.3||3
1984|5|1|4.4|12.8|20.4|16.6|7.6||3
1984|6|1|0.0|9.3|21.6|15.45|12.3||4
1984|7|1|0.8|7.0|16.8|11.9|9.8||4
1984|8|1|0.0|7.1|20.7|13.9|13.6||4
1984|9|1|0.4|10.0|17.9|13.95|7.9||1
1984|10|1|2.6|11.1|18.9|15.0|7.8||1
1984|11|1|0.0|9.1|22.8|15.95|13.7||1
1984|12|1|0.0|11.5|24.0|17.75|12.5||2
1985|1|1|0.0|12.7|26.4|19.55|13.7||2
1985|3|1|0.0|19.0|31.4|25.2|12.4||3
1985|4|1|0.0|13.9|25.8|19.85|11.9||3
1985|5|1|0.0|9.6|25.7|17.65|16.1||3
1985|6|1|0.0|3.7|19.7|11.7|16.0||4
1985|7|1|42.4|14.9|19.2|17.05|4.3||4
1985|8|1|2.4|10.8|19.6|15.2|8.8||4
1985|9|1|0.0|8.0|17.7|12.85|9.7||1
1985|10|1|0.0|6.2|24.9|15.55|18.7||1
1985|11|1|0.0|16.7|37.4|27.05|20.7||1
1985|12|1|0.0|12.8|23.2|18.0|10.4||2
1986|1|1|0.0|18.1|37.5|27.8|19.4||2
1986|2|1|0.0|16.5|32.1|24.3|15.6||2
1986|3|1|0.0|18.7|34.3|26.5|15.6||3
1986|4|1|0.2|14.8|22.1|18.45|7.3||3
1986|5|1|0.0|11.7|26.0|18.85|14.3||3
1986|6|1|0.0|6.6|21.3|13.95|14.7||4
1986|7|1|0.0|6.1|17.5|11.8|11.4||4
1986|8|1|8.2|7.1|18.2|12.65|11.1||4
1986|9|1|0.0|9.5|25.6|17.55|16.1||1
1986|10|1|0.0|6.0|17.9|11.95|11.9||1
1986|11|1|0.0|10.7|32.8|21.75|22.1||1
1986|12|1|0.0|11.7|21.3|16.5|9.6||2
1987|1|1|0.0|13.2|26.7|19.95|13.5||2
1987|2|1|0.0|17.6|29.6|23.6|12.0||2
1987|3|1|0.0|13.9|30.9|22.4|17.0||3
1987|4|1|0.0|15.0|27.1|21.05|12.1||3
1987|5|1|7.0|14.6|19.6|17.1|5.0||3
1987|6|1|0.0|9.6|22.6|16.1|13.0||4
1987|7|1|3.0|10.2|18.9|14.55|8.7||4
1987|8|1|0.4|2.6|15.1|8.85|12.5||4
1987|9|1|0.0|7.9|20.0|13.95|12.1||1
1987|10|1|0.0|13.0|28.6|20.8|15.6||1
1987|11|1|6.8|7.7|17.7|12.7|10.0||1
1987|12|1|0.0|10.2|25.4|17.8|15.2||2
1988|1|1|0.0|10.9|27.6|19.25|16.7||2
1988|3|1|0.0|16.2|26.7|21.45|10.5||3
1988|4|1|0.0|14.5|29.1|21.8|14.6||3
1988|5|1|0.0|11.7|19.7|15.7|8.0||3
1988|6|1|31.2|16.3|18.6|17.45|2.3||4
1988|7|1|0.0|8.0|19.3|13.65|11.3||4
1988|8|1|0.0|10.7|19.4|15.05|8.7||4
1988|9|1|0.0|6.8|19.5|13.15|12.7||1
1988|10|1|0.8|15.7|21.6|18.65|5.9||1
1988|11|1|8.4|13.2|18.8|16.0|5.6||1
1988|12|1|0.0|15.6|24.7|20.15|9.1||2
1989|1|1|0.0|19.9|30.8|25.35|10.9||2
1989|3|1|0.4|13.8|25.0|19.4|11.2||3
1989|5|1|1.4|11.7|21.2|16.45|9.5||3
1989|6|1|0.0|7.8|21.5|14.65|13.7||4
1989|7|1|6.8|8.1|16.6|12.35|8.5||4
1989|8|1|0.0|8.1|17.1|12.6|9.0||4
1989|9|1|0.0|9.3|21.9|15.6|12.6||1
1989|10|1|0.2|8.0|21.9|14.95|13.9||1
1989|11|1|0.0|12.0|28.9|20.45|16.9||1
1989|12|1|0.0|9.6|23.6|16.6|14.0||2
1990|1|1|0.0|14.2|25.3|19.75|11.1|32.7|2
1990|2|1|0.0|14.6|29.4|22.0|14.8|31.7|2
1990|5|1|2.0|14.6|23.2|18.9|8.6|13.0|3
1990|6|1|0.0|5.5|20.0|12.75|14.5|12.4|4
1990|7|1|0.0|0.7|15.8|8.25|15.1|10.9|4
1990|8|1|0.0|8.8|21.8|15.3|13.0|8.0|4
1990|9|1|0.0|9.6|18.4|14.0|8.8|8.4|1
1990|10|1|0.0|14.0|22.2|18.1|8.2|21.3|1
1990|11|1|0.0|14.4|21.2|17.8|6.8|8.2|1
1990|12|1|0.0|13.5|28.6|21.05|15.1||2
1991|1|1|0.0|12.7|26.2|19.45|13.5||2
1991|2|1|0.0|17.8|31.8|24.8|14.0|27.8|2
1991|4|1|0.0|13.0|28.5|20.75|15.5||3
1991|5|1|0.0|7.0|23.0|15.0|16.0|16.2|3
1991|6|1|2.2|8.7|17.8|13.25|9.1|9.6|4
1991|7|1|0.0|10.4|23.0|16.7|12.6|7.3|4
1991|8|1|18.4|13.6|18.2|15.9|4.6|9.6|4
1991|9|1|0.2|5.5|17.4|11.45|11.9|16.4|1
1991|10|1|3.4|6.6|18.0|12.3|11.4|23.1|1
1991|11|1|0.2|10.2|19.7|14.95|9.5|21.3|1
1991|12|1|0.0|13.0|24.4|18.7|11.4|30.2|2
1992|1|1|0.0|16.7|24.7|20.7|8.0|18.9|2
1992|3|1|0.0|15.1|29.0|22.05|13.9|27.7|3
1992|5|1|0.4|9.4|22.0|15.7|12.6|12.6|3
1992|6|1|0.0|11.1|17.4|14.25|6.3|12.1|4
1992|7|1|3.6|11.9|18.5|15.2|6.6|7.4|4
1992|8|1|0.0|10.4|18.1|14.25|7.7|8.1|4
1992|9|1|3.4|8.7|15.2|11.95|6.5|10.1|1
1992|10|1|0.0|12.7|20.9|16.8|8.2|20.5|1
1992|11|1|0.0|14.9|29.9|22.4|15.0|30.2|1
1992|12|1|0.2|12.5|24.6|18.55|12.1||2
1993|1|1|0.0|13.4|23.4|18.4|10.0|25.7|2
1993|2|1|0.0|18.9|31.4|25.15|12.5||2
1993|3|1|0.0|17.2|33.9|25.55|16.7|26.9|3
1993|4|1|0.0|13.8|27.3|20.55|13.5|19.4|3
1993|5|1|0.0|15.8|21.0|18.4|5.2|1.8|3
1993|6|1|0.0|5.6|15.3|10.45|9.7||4
1993|7|1|0.0|8.8|19.4|14.1|10.6|7.7|4
1993|8|1|0.2|2.4|15.9|9.15|13.5|13.3|4
1993|9|1|0.0|7.9|18.4|13.15|10.5|14.7|1
1993|10|1|1.6|7.3|17.2|12.25|9.9|5.5|1
1993|11|1|0.4|8.2|20.2|14.2|12.0|26.9|1
1993|12|1|0.0|13.9|27.3|20.6|13.4|31.5|2
1994|1|1|0.0|14.5|26.0|20.25|11.5|33.9|2
1994|3|1|0.0|15.7|32.2|23.95|16.5|27.1|3
1994|4|1|0.0|10.6|28.2|19.4|17.6|20.7|3
1994|5|1|0.0|12.4|24.0|18.2|11.6|16.1|3
1994|6|1|6.2|10.8|17.0|13.9|6.2|4.3|4
1994|7|1|37.2|12.2|17.5|14.85|5.3|6.1|4
1994|8|1|0.0|6.8|20.5|13.65|13.7|14.1|4
1994|9|1|12.6|10.9|17.2|14.05|6.3|17.0|1
1994|10|1|3.6|10.3|18.5|14.4|8.2|16.7|1
1994|11|1|0.0|9.3|25.0|17.15|15.7|15.1|1
1994|12|1|0.0|16.7|25.4|21.05|8.7|22.6|2
1995|2|1|0.0|13.9|28.1|21.0|14.2|30.2|2
1995|3|1|0.0|19.1|30.2|24.65|11.1|17.1|3
1995|4|1|0.0|16.0|28.1|22.05|12.1|19.9|3
1995|5|1|0.0|6.0|22.5|14.25|16.5|16.4|3
1995|6|1|0.0|6.4|19.3|12.85|12.9|6.4|4
1995|7|1|0.0|6.2|19.3|12.75|13.1|11.8|4
1995|8|1|0.0|8.3|18.0|13.15|9.7||4
1995|9|1|0.0|8.0|18.5|13.25|10.5|19.5|1
1995|10|1|0.0|9.3|20.5|14.9|11.2|24.7|1
1995|11|1|16.8|12.8|20.5|16.65|7.7|16.3|1
1995|12|1|0.0|12.4|27.3|19.85|14.9|32.7|2
1996|1|1|0.0|17.7|34.2|25.95|16.5|31.4|2
1996|2|1|0.0|17.2|34.6|25.9|17.4|33.2|2
1996|3|1|0.0|15.5|35.0|25.25|19.5|28.2|3
1996|4|1|0.0|15.6|29.5|22.55|13.9|20.4|3
1996|5|1|0.0|14.9|25.0|19.95|10.1|14.7|3
1996|6|1|1.2|13.9|18.5|16.2|4.6|6.2|4
1996|7|1|3.8|8.6|19.2|13.9|10.6|8.9|4
1996|8|1|8.4|11.2|17.9|14.55|6.7|7.7|4
1996|9|1|0.0|7.0|19.4|13.2|12.4|17.4|1
1996|10|1|0.2|8.9|18.4|13.65|9.5|12.1|1
1996|11|1|0.0|10.7|22.1|16.4|11.4|25.2|1
1996|12|1|7.8|16.6|22.7|19.65|6.1|22.4|2
1997|2|1|0.0|19.5|43.6|31.55|24.1|27.5|2
1997|3|1|0.0|16.0|32.8|24.4|16.8|25.6|3
1997|4|1|0.0|15.5|23.3|19.4|7.8|9.9|3
1997|5|1|6.2|14.5|20.9|17.7|6.4|11.7|3
1997|6|1|23.2|11.7|18.6|15.15|6.9|7.8|4
1997|7|1|0.0|6.9|19.5|13.2|12.6|12.6|4
1997|8|1|0.0|6.7|20.0|13.35|13.3|14.7|4
1997|9|1|0.0|4.9|17.4|11.15|12.5|4.9|1
1997|10|1|0.4|12.0|18.6|15.3|6.6|11.4|1
1997|11|1|0.0|6.3|27.2|16.75|20.9|30.3|1
1997|12|1|0.0|16.0|28.9|22.45|12.9|32.7|2
1998|1|1|0.0|15.3|29.4|22.35|14.1||2
1998|2|1|0.0|11.9|26.0|18.95|14.1|31.0|2
1998|4|1|0.0|17.3|34.1|25.7|16.8|22.0|3
1998|5|1|0.0|6.8|24.2|15.5|17.4|15.2|3
1998|6|1|0.0|12.1|23.6|17.85|11.5|10.5|4
1998|7|1|5.2|8.9|13.3|11.1|4.4|5.8|4
1998|8|1|9.4|5.5|18.0|11.75|12.5|7.5|4
1998|9|1|14.2|13.7|17.7|15.7|4.0|6.4|1
1998|10|1|14.4|7.1|19.0|13.05|11.9|14.5|1
1998|11|1|0.0|12.5|21.3|16.9|8.8|11.8|1
1998|12|1|1.8|15.3|20.1|17.7|4.8|26.5|2
1999|1|1|0.0|19.7|30.7|25.2|11.0||2
1999|2|1|0.0|17.5|25.6|21.55|8.1|27.9|2
1999|3|1|0.0|19.0|28.5|23.75|9.5|24.1|3
1999|4|1|0.0|14.7|25.2|19.95|10.5|22.1|3
1999|5|1|0.0|9.9|27.6|18.75|17.7|16.6|3
1999|6|1|0.2|9.4|22.1|15.75|12.7|11.5|4
1999|7|1|0.0|5.9|17.2|11.55|11.3|12.0|4
1999|8|1|0.0|4.8|20.7|12.75|15.9|15.2|4
1999|9|1|0.0|7.0|22.1|14.55|15.1|17.0|1
1999|10|1|1.2|5.0|19.9|12.45|14.9|25.5|1
1999|11|1|0.0|13.1|29.5|21.3|16.4||1
1999|12|1|0.0|16.0|22.9|19.45|6.9|30.9|2
2000|2|1|0.0|16.9|27.9|22.4|11.0|29.4|2
2000|4|1|0.0|16.8|29.2|23.0|12.4|20.6|3
2000|5|1|0.0|10.6|22.2|16.4|11.6|10.0|3
2000|6|1|4.4|8.4|19.6|14.0|11.2|11.1|4
2000|7|1|32.4|10.7|17.2|13.95|6.5|8.2|4
2000|8|1|0.6|8.0|18.6|13.3|10.6|6.9|4
2000|9|1|4.2|7.9|17.7|12.8|9.8|10.5|1
2000|10|1|0.0|8.4|26.3|17.35|17.9|25.2|1
2000|11|1|0.0|10.0|25.4|17.7|15.4|30.4|1
2000|12|1|0.0|9.9|28.0|18.95|18.1|33.3|2
2001|1|1|0.0|15.4|27.9|21.65|12.5|33.5|2
2001|2|1|1.8|15.7|24.8|20.25|9.1|26.7|2
2001|3|1|0.0|17.2|36.1|26.65|18.9|27.5|3
2001|4|1|0.0|15.4|33.9|24.65|18.5|20.8|3
2001|5|1|0.0|10.2|24.9|17.55|14.7|15.1|3
2001|6|1|4.8|8.8|20.1|14.45|11.3|9.1|4
2001|7|1|3.0|10.9|20.4|15.65|9.5|8.1|4
2001|8|1|0.0|3.5|16.8|10.15|13.3|14.9|4
2001|9|1|0.0|6.9|17.6|12.25|10.7|8.1|1
2001|10|1|0.4|8.3|19.6|13.95|11.3|12.0|1
2001|11|1|0.0|13.0|30.2|21.6|17.2||1
2001|12|1|0.0|13.2|21.7|17.45|8.5|18.9|2
2002|1|1|0.0|13.5|34.0|23.75|20.5|32.4|2
2002|2|1|0.0|19.7|30.0|24.85|10.3|22.8|2
2002|3|1|0.0|16.0|30.4|23.2|14.4|28.2|3
2002|4|1|0.0|10.4|27.0|18.7|16.6|21.3|3
2002|5|1|0.0|16.6|35.3|25.95|18.7|15.5|3
2002|6|1|0.0|9.1|21.4|15.25|12.3|5.1|4
2002|7|1|6.0|12.4|17.6|15.0|5.2|9.2|4
2002|8|1|1.8|8.0|17.4|12.7|9.4|12.9|4
2002|9|1|22.4|13.8|16.2|15.0|2.4|4.0|1
2002|10|1|0.0|10.4|18.8|14.6|8.4|21.8|1
2002|11|1|21.6|9.2|18.6|13.9|9.4|23.5|1
2002|12|1|0.0|12.8|22.5|17.65|9.7|32.5|2
2003|1|1|0.0|11.6|33.9|22.75|22.3||2
2003|3|1|0.0|17.6|30.3|23.95|12.7|27.8|3
2003|4|1|0.0|15.9|24.0|19.95|8.1|8.6|3
2003|5|1|0.0|19.1|32.4|25.75|13.3|16.3|3
2003|6|1|3.6|9.5|20.3|14.9|10.8||4
2003|7|1|5.2|6.0|18.0|12.0|12.0|7.2|4
2003|8|1|7.6|12.5|19.7|16.1|7.2|6.7|4
2003|9|1|0.0|8.3|23.8|16.05|15.5|20.2|1
2003|10|1|0.0|10.2|19.7|14.95|9.5|20.5|1
2003|11|1|0.0|10.6|27.3|18.95|16.7|30.5|1
2003|12|1|0.0|14.4|27.1|20.75|12.7|32.9|2
2004|1|1|0.0|17.5|32.3|24.9|14.8|33.0|2
2004|2|1|0.0|16.4|31.9|24.15|15.5|31.0|2
2004|4|1|0.0|9.7|27.0|18.35|17.3|22.5|3
2004|5|1|0.0|13.4|22.3|17.85|8.9|15.8|3
2004|6|1|0.0|5.8|17.2|11.5|11.4|13.3|4
2004|7|1|0.2|10.9|18.6|14.75|7.7|5.9|4
2004|8|1|5.8|9.7|16.7|13.2|7.0|7.3|4
2004|9|1|0.0|7.9|22.6|15.25|14.7|20.0|1
2004|10|1|3.0|11.9|19.9|15.9|8.0|17.3|1
2004|11|1|0.0|8.7|24.3|16.5|15.6|28.7|1
2004|12|1|0.0|8.6|28.4|18.5|19.8|33.7|2
2005|1|1|0.0|17.4|37.3|27.35|19.9|29.7|2
2005|2|1|0.0|15.0|28.9|21.95|13.9|31.9|2
2005|3|1|0.0|16.1|32.0|24.05|15.9|23.2|3
2005|4|1|11.8|11.9|16.2|14.05|4.3|3.0|3
2005|5|1|5.8|17.0|29.3|23.15|12.3|12.7|3
2005|6|1|0.0|15.1|22.8|18.95|7.7|8.6|4
2005|7|1|0.0|6.2|17.9|12.05|11.7|9.7|4
2005|8|1|0.0|4.6|25.4|15.0|20.8|14.9|4
2005|9|1|0.0|2.8|18.5|10.65|15.7|19.3|1
2005|10|1|7.6|14.5|20.0|17.25|5.5|11.0|1
2005|11|1|0.0|10.3|19.5|14.9|9.2|27.3|1
2005|12|1|0.0|10.9|25.4|18.15|14.5||2
2006|1|1|0.0|10.8|29.3|20.05|18.5|37.1|2
2006|2|1|0.0|13.6|26.7|20.15|13.1|31.2|2
2006|4|1|12.2|13.7|20.9|17.3|7.2|10.6|3
2006|5|1|0.0|7.0|23.5|15.25|16.5|15.5|3
2006|6|1|0.0|4.0|18.9|11.45|14.9|11.9|4
2006|7|1|6.4|11.4|19.9|15.65|8.5|10.9|4
2006|8|1|4.6|6.1|18.5|12.3|12.4|11.1|4
2006|9|1|9.6|10.9|16.9|13.9|6.0|10.8|1
2006|10|1|0.6|7.8|22.5|15.15|14.7|25.4|1
2006|11|1|0.0|14.2|23.2|18.7|9.0|21.3|1
2006|12|1|0.0|6.6|26.9|16.75|20.3|33.1|2
2007|1|1|0.0|14.0|27.5|20.75|13.5|32.8|2
2007|2|1|0.0|13.4|31.6|22.5|18.2|29.2|2
2007|3|1|2.4|16.5|23.4|19.95|6.9|14.3|3
2007|4|1|0.0|8.4|25.5|16.95|17.1|18.8|3
2007|5|1|17.2|16.3|20.6|18.45|4.3|7.1|3
2007|6|1|0.0|8.7|22.7|15.7|14.0|12.3|4
2007|7|1|7.2|12.1|18.4|15.25|6.3|3.2|4
2007|8|1|4.4|12.4|18.7|15.55|6.3|8.6|4
2007|9|1|0.0|4.7|19.3|12.0|14.6|16.1|1
2007|10|1|0.0|9.4|21.2|15.3|11.8|24.0|1
2007|11|1|0.0|10.7|25.6|18.15|14.9|29.3|1
2007|12|1|3.2|15.2|22.5|18.85|7.3|14.8|2
2008|1|1|0.0|15.9|33.3|24.6|17.4|21.3|2
2008|2|1|0.0|19.3|37.3|28.3|18.0|31.0|2
2008|4|1|16.0|13.4|24.2|18.8|10.8|18.6|3
2008|5|1|0.0|7.0|22.2|14.6|15.2|16.2|3
2008|6|1|49.4|14.8|22.5|18.65|7.7|9.0|4
2008|7|1|0.0|6.0|18.9|12.45|12.9|11.0|4
2008|8|1|4.2|7.1|15.9|11.5|8.8|9.2|4
2008|9|1|3.0|10.9|18.5|14.7|7.6|11.6|1
2008|10|1|0.6|11.8|20.0|15.9|8.2|10.7|1
2008|11|1|0.0|10.8|24.2|17.5|13.4|30.2|1
2008|12|1|0.0|12.9|27.7|20.3|14.8|32.6|2
2009|1|1|0.0|18.8|37.2|28.0|18.4|33.4|2
2009|4|1|0.0|11.4|24.4|17.9|13.0|20.1|3
2009|5|1|0.0|10.8|25.2|18.0|14.4|15.9|3
2009|6|1|0.0|13.9|25.3|19.6|11.4|10.9|4
2009|7|1|5.2|8.9|17.7|13.3|8.8|10.6|4
2009|8|1|0.0|2.6|20.3|11.45|17.7|14.3|4
2009|9|1|1.8|8.4|19.2|13.8|10.8|14.6|1
2009|10|1|0.0|3.9|20.1|12.0|16.2|24.5|1
2009|11|1|0.0|10.3|24.3|17.3|14.0|31.1|1
2009|12|1|0.0|13.5|24.7|19.1|11.2|30.8|2
2010|1|1|0.0|13.2|31.3|22.25|18.1|35.0|2
2010|2|1|0.0|17.3|33.8|25.55|16.5|31.1|2
2010|4|1|0.0|17.4|29.8|23.6|12.4|19.6|3
2010|5|1|0.6|11.3|22.0|16.65|10.7|10.6|3
2010|6|1|0.0|7.0|19.2|13.1|12.2|12.2|4
2010|7|1|0.0|3.8|17.2|10.5|13.4|11.2|4
2010|8|1|0.0|5.1|21.3|13.2|16.2|14.1|4
2010|9|1|1.8|11.1|18.6|14.85|7.5|14.2|1
2010|10|1|0.2|14.5|25.9|20.2|11.4|25.1|1
2010|11|1|0.0|11.7|31.1|21.4|19.4|30.3|1
2010|12|1|0.0|16.4|26.9|21.65|10.5|22.2|2
2011|1|1|0.0|17.2|36.8|27.0|19.6|32.2|2
2011|2|1|0.4|17.9|30.7|24.3|12.8|30.8|2
2011|4|1|0.0|16.6|31.7|24.15|15.1|20.9|3
2011|5|1|0.0|7.4|24.6|16.0|17.2|15.0|3
2011|6|1|9.6|14.4|21.0|17.7|6.6|6.6|4
2011|7|1|22.0|8.1|17.4|12.75|9.3|9.1|4
2011|8|1|8.8|11.2|19.8|15.5|8.6|7.2|4
2011|9|1|0.0|8.7|23.1|15.9|14.4|14.2|1
2011|10|1|0.0|13.9|28.3|21.1|14.4|19.5|1
2011|11|1|0.0|16.0|31.0|23.5|15.0|30.7|1
2011|12|1|0.0|15.3|32.6|23.95|17.3|31.5|2
2012|1|1|0.0|19.7|27.4|23.55|7.7|15.8|2
2012|3|1|0.0|16.2|29.9|23.05|13.7|30.3|3
2012|4|1|0.0|12.1|24.2|18.15|12.1|14.7|3
2012|5|1|0.0|12.8|22.2|17.5|9.4|16.8|3
2012|6|1|6.6|11.8|20.0|15.9|8.2|7.0|4
2012|7|1|0.0|4.3|21.0|12.65|16.7|11.6|4
2012|8|1|17.0|7.3|16.0|11.65|8.7|6.9|4
2012|9|1|1.0|8.9|20.2|14.55|11.3|15.2|1
2012|10|1|0.0|12.0|33.9|22.95|21.9|24.1|1
2012|11|1|0.0|14.4|21.7|18.05|7.3|18.6|1
2012|12|1|0.0|6.2|24.5|15.35|18.3|31.6|2
2013|2|1|0.0|17.1|36.2|26.65|19.1|31.2|2
2013|3|1|0.0|18.9|34.0|26.45|15.1|28.1|3
2013|4|1|0.0|16.5|31.8|24.15|15.3|21.5|3
2013|5|1|0.0|13.5|26.9|20.2|13.4|9.3|3
2013|6|1|0.0|1.5|17.9|9.7|16.4|12.2|4
2013|7|1|0.0|4.6|22.5|13.55|17.9|12.0|4
2013|8|1|1.0|12.1|20.9|16.5|8.8|11.5|4
2013|9|1|0.4|13.5|22.7|18.1|9.2|10.6|1
2013|10|1|0.0|4.0|18.9|11.45|14.9|21.5|1
2013|11|1|0.0|14.4|27.7|21.05|13.3|27.3|1
2013|12|1|0.4|15.4|24.8|20.1|9.4|25.8|2
2014|1|1|0.0|12.8|26.8|19.8|14.0|30.3|2
2014|2|1|0.0|17.2|29.9|23.55|12.7|29.5|2
2014|4|1|0.6|15.4|24.9|20.15|9.5|16.8|3
2014|5|1|0.0|5.2|22.3|13.75|17.1|14.7|3
2014|6|1|1.2|9.1|21.4|15.25|12.3|10.5|4
2014|7|1|0.0|12.3|22.6|17.45|10.3|7.1|4
2014|8|1|0.0|3.1|17.3|10.2|14.2|13.9|4
2014|9|1|0.0|7.1|18.8|12.95|11.7|17.1|1
2014|10|1|0.0|12.7|29.1|20.9|16.4|15.1|1
2014|11|1|0.0|10.5|30.3|20.4|19.8|27.7|1
2014|12|1|0.0|17.5|24.7|21.1|7.2|20.3|2
2015|1|1|0.0|17.2|29.4|23.3|12.2|33.0|2
2015|3|1|0.0|17.3|31.5|24.4|14.2|21.6|3
2015|4|1|0.0|14.5|27.5|21.0|13.0|17.3|3
2015|5|1|0.0|11.8|22.5|17.15|10.7|15.3|3
2015|6|1|0.0|7.2|21.4|14.3|14.2|10.3|4
2015|7|1|0.0|10.8|19.5|15.15|8.7|4.8|4
2015|8|1|0.6|11.7|17.7|14.7|6.0|12.3|4
2015|9|1|3.8|5.1|16.4|10.75|11.3|16.8|1
2015|10|1|0.0|10.9|33.5|22.2|22.6|24.1|1
2015|11|1|0.0|11.1|26.1|18.6|15.0|20.5|1
2015|12|1|0.0|13.9|29.1|21.5|15.2|32.5|2
2016|1|1|0.0|16.8|35.0|25.9|18.2|29.5|2
2016|2|1|0.0|7.1|23.1|15.1|16.0|22.7|2
2016|3|1|0.0|13.4|26.1|19.75|12.7|25.3|3
2016|4|1|0.0|14.2|26.0|20.1|11.8|14.0|3
2016|5|1|0.0|9.6|19.1|14.35|9.5|9.9|3
2016|6|1|0.0|6.0|21.3|13.65|15.3|12.3|4
2016|7|1|0.0|5.4|19.5|12.45|14.1|12.0|4
2016|8|1|1.0|1.1|15.7|8.4|14.6|14.3|4
2016|9|1|0.8|3.5|17.5|10.5|14.0|17.9|1
2016|10|1|4.2|10.5|16.2|13.35|5.7|16.2|1
2016|11|1|0.0|11.6|26.5|19.05|14.9|28.3|1
2016|12|1|0.0|11.0|25.2|18.1|14.2|24.3|2
